product_id,product_name
1,"Lettuce - Mini Greens, Whole"
2,Wine - Maipo Valle Cabernet
3,Sambuca - Ramazzotti
4,Barramundi
5,Lobster - Canned Premium
6,"Soup - Campbells, Minestrone"
7,"Gingerale - Schweppes, 355 Ml"
8,Cheese - Pied De Vents
9,Soup - French Onion
10,Sobe - Green Tea
11,Squash - Butternut
12,Prunes - Pitted
13,Chicken - Whole Roasting
14,"Cheese - Brie, Triple Creme"
15,Wine - Redchard Merritt
16,Buffalo - Short Rib Fresh
17,Wine - Touraine Azay - Le - Rideau
18,Appetiser - Bought
19,Wine - Ruffino Chianti
20,The Pop Shoppe - Cream Soda
21,"Jam - Raspberry,jar"
22,Piping - Bags Quizna
23,Halibut - Steaks
24,Muffin Hinge 117n
25,"Peas - Pigeon, Dry"
26,Wine - Riesling Alsace Ac 2001
27,Glove - Cutting
28,Cheese - Cottage Cheese
29,Corn Syrup
30,Garam Masala Powder
31,"Pasta - Detalini, White, Fresh"
32,Cake - Miini Cheesecake Cherry
33,"Turkey - Breast, Double"
34,Apple - Royal Gala
35,Straw - Regular
36,Wine - Delicato Merlot
37,Carbonated Water - Strawberry
38,"Cheese - Cheddar, Mild"
39,"Octopus - Baby, Cleaned"
40,Spring Roll Veg Mini
41,Appetizer - Cheese Bites
42,"Soup - Campbells, Beef Barley"
43,Coffee Cup 8oz 5338cd
44,Tia Maria
45,Yeast Dry - Fermipan
46,Apple - Northern Spy
47,Daves Island Stinger
48,Coffee Swiss Choc Almond
49,Asparagus - Frozen
50,Wine - Savigny - Les - Beaune
51,Ice Cream Bar - Drumstick
52,Salt - Sea
53,Glass Clear 7 Oz Xl
54,"Chocolate - Pistoles, Lactee, Milk"
55,Wine - Cotes Du Rhone Parallele
56,Dr. Pepper - 355ml
57,"Juice - Clamato, 341 Ml"
58,Papayas
59,"Lamb - Leg, Boneless"
60,Potatoes - Mini White 3 Oz
61,Hinge W Undercut
62,Table Cloth 120 Round White
63,Pastry - Chocolate Chip Muffin
64,Veal - Provimi Inside
65,Cactus Pads
66,"Hickory Smoke, Liquid"
67,Ketchup - Tomato
68,Potatoes - Idaho 80 Count
69,Beef - Salted
70,Chicken Giblets
71,Pie Shell - 9
72,Chocolate Bar - Reese Pieces
73,"Pasta - Penne, Lisce, Dry"
74,"Extract - Vanilla,artificial"
75,Miso Paste White
76,Veal - Provimi Inside
77,Pate - Cognac
78,"Pepper - Black, Whole"
79,Beans - Butter Lrg Lima
80,Bread - Kimel Stick Poly
81,"Carrots - Mini, Stem On"
82,Dried Figs
83,"Basil - Primerba, Paste"
84,Gatorade - Lemon Lime
85,Napkin White - Starched
86,Chicken - Livers
87,Broom - Push
88,Pork - Bones
89,Lobster - Live
90,Crackers Cheez It
91,Beans - Green
92,Ice Cream - Chocolate
93,Muffin Chocolate Individual Wrap
94,Edible Flower - Mixed
95,Cherries - Fresh
96,"Beef - Rib Roast, Cap On"
97,Arrowroot
98,Muffin Batt - Carrot Spice
99,Wine - Valpolicella Masi
100,Table Cloth - 53x69 Colour
101,Pepper - Orange
102,Pepper - Red Thai
103,Bar Bran Honey Nut
104,Avocado
105,Corn - On The Cob
106,Steel Wool S.o.s
107,Easy Off Oven Cleaner
108,Ice Cream - Fudge Bars
109,"Wine - Red, Pinot Noir, Chateau"
110,Wine - Champagne Brut Veuve
111,Squash - Guords
112,Bread Roll Foccacia
113,Isomalt
114,"Bread - White, Unsliced"
115,Wine - Ruffino Chianti Classico
116,Ice Cream Bar - Rolo Cone
117,"Soup - Knorr, Country Bean"
118,Contreau
119,"Mushroom - Morels, Dry"
120,Salmon Steak - Cohoe 6 Oz
121,Pastry - Raisin Muffin - Mini
122,Lettuce - Radicchio
123,Roe - Flying Fish
124,"Pork - Loin, Center Cut"
125,Soup - Cream Of Potato / Leek
126,Soho Lychee Liqueur
127,"Vodka - Hot, Lnferno"
128,"Artichoke - Bottom, Canned"
129,Blueberries - Frozen
130,"Beef - Bones, Marrow"
131,Steampan - Half Size Shallow
132,Emulsifier
133,Muffin - Bran Ind Wrpd
134,Sprouts - Peppercress
135,Fruit Salad Deluxe
136,Oil - Hazelnut
137,Juice - Apple Cider
138,Milk - 2%
139,Food Colouring - Orange
140,Muffin Carrot - Individual
141,"Pepper - White, Ground"
142,Beef - Sushi Flat Iron Steak
143,Butter Ripple - Phillips
144,Latex Rubber Gloves Size 9
145,Hersey Shakes
146,Yukon Jack
147,Lime Cordial - Roses
148,Egg - Salad Premix
149,Buttons
150,Honey - Comb
151,Cookies - Englishbay Chochip
152,Cheese - Brick With Onion
153,Chocolate - White
154,Lotus Rootlets - Canned
155,Bread - Raisin Walnut Pull
156,"Wine - Red, Marechal Foch"
157,"Jam - Blackberry, 20 Ml Jar"
158,Pastry - Choclate Baked
159,Mushroom - King Eryingii
160,Milkettes - 2%
161,Nori Sea Weed
162,Tea - Lemon Green Tea
163,Juice - Lemon
164,Mangoes
165,Oil - Sunflower
166,Coffee - Flavoured
167,Garbag Bags - Black
168,Canadian Emmenthal
169,Table Cloth - 53x69 Colour
170,Truffle Cups Green
171,Wine - Rosso Del Veronese Igt
172,Cookies Almond Hazelnut
173,Shrimp - 150 - 250
174,Foam Espresso Cup Plain White
175,"Asparagus - White, Canned"
176,Stock - Fish
177,"Beans - Black Bean, Dry"
178,Wine - Fino Tio Pepe Gonzalez
179,Tequila Rose Cream Liquor
180,"Bread - Roll, Whole Wheat"
181,Cabbage - Red
182,"Bread - Roll, Soft White Round"
183,Iced Tea Concentrate
184,Hagen Daza - Dk Choocolate
185,Rice - Basmati
186,"Nut - Pistachio, Shelled"
187,Appetizer - Cheese Bites
188,Appetizer - Smoked Salmon / Dill
189,Sage - Rubbed
190,Water - Green Tea Refresher
191,"Tendrils - Baby Pea, Organic"
192,Corn Shoots
193,Watercress
194,Truffle Cups Green
195,Soap - Mr.clean Floor Soap
196,Soap - Pine Sol Floor Cleaner
197,Seedlings - Clamshell
198,Cup - Paper 10oz 92959
199,Cheese - La Sauvagine
200,Spice - Greek 1 Step
201,"Veal - Chops, Split, Frenched"
202,Cinnamon Buns Sticky
203,Alize Red Passion
204,Turnip - White
205,Lettuce - Lambs Mash
206,Chambord Royal
207,Beef Striploin Aaa
208,Wine - Magnotta - Cab Sauv
209,"Salmon - Smoked, Sliced"
210,Tahini Paste
211,Mushroom - Porcini Frozen
212,Wine - Guy Sage Touraine
213,"Tortillas - Flour, 10"
214,Flower - Commercial Spider
215,Kohlrabi
216,"Wine - Sherry Dry Sack, William"
217,Rum - Mount Gay Eclipes
218,Marzipan 50/50
219,Energy Drink - Redbull 355ml
220,Gatorade - Lemon Lime
221,"Fish - Base, Bouillion"
222,Capers - Pickled
223,"Wine - White, French Cross"
224,Eggplant - Baby
225,Lemon Tarts
226,Oil - Pumpkinseed
227,Pike - Frozen Fillet
228,Lid - 16 Oz And 32 Oz
229,"Jam - Marmalade, Orange"
230,"Nut - Hazelnut, Whole"
231,Beef - Shank
232,Baking Soda
233,Magnotta Bel Paese Red
234,Pepper - Cayenne
235,Nantucket Orange Juice
236,Sauce - Rosee
237,Plastic Arrow Stir Stick
238,Syrup - Chocolate
239,Mushroom - Crimini
240,Sherbet - Raspberry
241,Creamers - 10%
242,Milk - 1%
243,"Tortillas - Flour, 12"
244,External Supplier
245,"Water - Spring Water, 355 Ml"
246,Bread Base - Goodhearth
247,Appetizer - Smoked Salmon / Dill
248,Tomatoes Tear Drop
249,Island Oasis - Sweet And Sour Mix
250,Russian Prince
251,Cocoa Feuilletine
252,"Veal - Round, Eye Of"
253,Beer - Sleemans Cream Ale
254,Water - San Pellegrino
255,Irish Cream - Baileys
256,Sauce - Hoisin
257,Cookie Double Choco
258,Wine - Soave Folonari
259,Cocoa Powder - Dutched
260,Sachet
261,Duck - Fat
262,"Fish - Scallops, Cold Smoked"
263,"Tuna - Canned, Flaked, Light"
264,Beans - Kidney White
265,Soup - Tomato Mush. Florentine
266,Dried Peach
267,Sauce - Mint
268,Oil - Canola
269,Foam Dinner Plate
270,Juice - Lemon
271,Graham Cracker Mix
272,"Pasta - Cannelloni, Sheets, Fresh"
273,Lamb - Loin Chops
274,Tray - 12in Rnd Blk
275,Wine - Acient Coast Caberne
276,Devonshire Cream
277,Chicken Breast Halal
278,Bouillion - Fish
279,Milk 2% 500 Ml
280,"Wine - Red, Colio Cabernet"
281,Tomato Puree
282,"Yogurt - Cherry, 175 Gr"
283,"Beef - Tenderlion, Center Cut"
284,Quail - Jumbo Boneless
285,Cornstarch
286,Flavouring - Rum
287,Bread - Focaccia Quarter
288,Tea - Lemon Green Tea
289,Irish Cream - Baileys
290,Cocoa Powder - Dutched
291,Beer - True North Strong Ale
292,Carbonated Water - Raspberry
293,Squash - Butternut
294,Bay Leaf Fresh
295,"Wine - White, Antinore Orvieto"
296,"Beef - Outside, Round"
297,V8 - Berry Blend
298,Pork - Bacon Cooked Slcd
299,Broccoli - Fresh
300,Wine - Carmenere Casillero Del
301,Gatorade - Orange
302,Truffle Cups - Brown
303,Wine - Fume Blanc Fetzer
304,"Pork - Chop, Frenched"
305,Puree - Passion Fruit
306,Cheese - Oka
307,Danishes - Mini Cheese
308,Apple - Macintosh
309,Chocolate - Milk
310,Beef - Top Butt Aaa
311,"Lemonade - Kiwi, 591 Ml"
312,Pastry - Chocolate Chip Muffin
313,Cheese - Sheep Milk
314,"Juice - Apple, 1.36l"
315,Rosemary - Dry
316,"Crab - Claws, 26 - 30"
317,"Soup - Knorr, Classic Can. Chili"
318,Tea - Lemon Green Tea
319,Lettuce - Frisee
320,Filling - Mince Meat
321,Chicken - Leg / Back Attach
322,Beef - Flank Steak
323,"Pepper - White, Whole"
324,Transfer Sheets
325,The Pop Shoppe - Grape
326,Turkey - Ground. Lean
327,Waffle Stix
328,Pepper - Cayenne
329,Beer - Upper Canada Lager
330,Milk Powder
331,"Bread - Rolls, Rye"
332,Baking Powder
333,Beef Ground Medium
334,Cheese - Gouda
335,Stock - Fish
336,"Gingerale - Schweppes, 355 Ml"
337,Flower - Leather Leaf Fern
338,Goat - Leg
339,Oven Mitts - 15 Inch
340,Hummus - Spread
341,Bread - Sour Batard
342,Vinegar - Raspberry
343,Pomello
344,Wine - Chateau Bonnet
345,Pork - Ham Hocks - Smoked
346,Soup - Base Broth Beef
347,Cheese - Grana Padano
348,"Bread - Pumpernickle, Rounds"
349,Quail Eggs - Canned
350,Wine - Mondavi Coastal Private
351,The Pop Shoppe - Lime Rickey
352,"Napkin - Cocktail,beige 2 - Ply"
353,"Crab - Dungeness, Whole, live"
354,Uniform Linen Charge
355,Fiddlehead - Frozen
356,"Oregano - Dry, Rubbed"
357,Basil - Fresh
358,Grand Marnier
359,Duck - Whole
360,Jameson Irish Whiskey
361,Tea - Herbal - 6 Asst
362,"Juice - Grape, White"
363,Cocktail Napkin Blue
364,Cheese Cloth
365,"Nut - Hazelnut, Whole"
366,"Pepper - Paprika, Spanish"
367,"Turkey - Breast, Smoked"
368,Soup - Campbells Beef Noodle
369,"Bread - Roll, Italian"
370,Tart - Lemon
371,Broom Handle
372,Pork - Smoked Back Bacon
373,"Pasta - Lasagne, Fresh"
374,Muffin Mix - Chocolate Chip
375,Filling - Mince Meat
376,"Cheese - Havarti, Salsa"
377,Wine - Sauvignon Blanc Oyster
378,Pork - Backfat
379,"Wine - White, Lindemans Bin 95"
380,Cake - Dulce De Leche
381,Chocolate - Milk Coating
382,Juice - Cranberry 284ml
383,Coffee Guatemala Dark
384,Food Colouring - Orange
385,Silicone Paper 16.5x24
386,Longos - Lasagna Veg
387,Rabbit - Legs
388,Bacardi Breezer - Tropical
389,Vacuum Bags 12x16
390,Chips - Potato Jalapeno
391,"Wine - Bourgogne 2002, La"
392,Sobe - Cranberry Grapefruit
393,Lamb Tenderloin Nz Fr
394,Lumpfish Black
395,Cheese - Swiss
396,Bread - English Muffin
397,"Yogurt - Banana, 175 Gr"
398,"Nut - Pecan, Halves"
399,Basil - Seedlings Cookstown
400,"Pepper - White, Ground"
401,Tuna - Sushi Grade
402,Apples - Spartan
403,Pastry - Mini French Pastries
404,"Tart Shells - Sweet, 4"
405,Veal - Liver
406,Potatoes - Parissienne
407,Bread Fig And Almond
408,Pear - Packum
409,"Pasta - Rotini, Colour, Dry"
410,Rabbit - Legs
411,Wine - Chardonnay Mondavi
412,"Wine - Red, Lurton Merlot De"
413,"Cup - 3.5oz, Foam"
414,Wine - George Duboeuf Rose
415,Pop Shoppe Cream Soda
416,Beans - Kidney White
417,"Soup - Campbells, Classic Chix"
418,Beef - Bresaola
419,Chocolate Bar - Smarties
420,Wine - Two Oceans Sauvignon
421,Cups 10oz Trans
422,Bread - Frozen Basket Variety
423,Broom - Corn
424,Aspic - Amber
425,Sprite - 355 Ml
426,True - Vue Containers
427,Cookie Dough - Oatmeal Rasin
428,"Turkey - Breast, Double"
429,"Yogurt - Raspberry, 175 Gr"
430,"Wine - Magnotta - Red, Baco"
431,Wine - Beringer Founders Estate
432,Spic And Span All Purpose
433,Soup - Cream Of Broccoli
434,Cheese - Cheddarsliced
435,Flour - Whole Wheat
436,Urban Zen Drinks
437,Sprouts - Alfalfa
438,Red Currant Jelly
439,Cheese - Montery Jack
440,Beef - Sushi Flat Iron Steak
441,Shichimi Togarashi Peppeers
442,"Bread - Roll, Calabrese"
443,Pur Source
444,Bread - Triangle White
445,"Placemat - Scallop, White"
446,Muffin Mix - Lemon Cranberry
447,"Nut - Walnut, Pieces"
448,Spring Roll Veg Mini
449,Wine - Magnotta - Belpaese
450,"Pepper - Red, Finger Hot"
451,Soup Bowl Clear 8oz92008
452,Snapple Lemon Tea
453,Sauce - Roasted Red Pepper
454,Molasses - Fancy
455,Cheese Cloth No 100
456,Turnip - Wax
457,Garbage Bag - Clear
458,Cheese - Montery Jack
459,Parsley Italian - Fresh
460,Horseradish Root
461,Broom - Angled
462,Bacardi Breezer - Tropical
463,"Pasta - Lasagna, Dry"
464,"Tendrils - Baby Pea, Organic"
465,Milkettes - 2%
466,"Soup - Knorr, Country Bean"
467,Lemon Tarts
468,"Veal - Inside, Choice"
469,Crackers - Water
470,Spinach - Baby
471,Pork - Sausage Casing
472,"Pork - Bacon,back Peameal"
473,Miso - Soy Bean Paste
474,Wine - Masi Valpolocell
475,Compound - Strawberry
476,Pate Pans Yellow
477,Wine - Mondavi Coastal Private
478,Rice - Wild
479,Banana
480,Rice - Long Grain
481,Vector Energy Bar
482,Pork - Smoked Kassler
483,"Ham - Smoked, Bone - In"
484,Table Cloth 53x69 White
485,Puree - Mocha
486,"7up Diet, 355 Ml"
487,"Juice - Orange, 341 Ml"
488,V8 - Vegetable Cocktail
489,Lid Coffee Cup 8oz Blk
490,Ecolab - Ster Bac
491,Mahi Mahi
492,Soap - Hand Soap
493,Gingerale - Diet - Schweppes
494,"Oil - Food, Lacquer Spray"
495,Wine - Casillero Del Diablo
496,Poppy Seed
497,Water - Evian 355 Ml
498,"Ranchero - Primerba, Paste"
499,"Bread - Pita, Mini"
500,"Doilies - 12, Paper"
501,Cake - Cake Sheet Macaroon
502,Mustard - Seed
503,Dasheen
504,Icecream - Dstk Super Cone
505,Cake Sheet Combo Party Pack
506,"Pail - 4l White, With Handle"
507,Sobe - Lizard Fuel
508,Anchovy Fillets
509,Duck - Legs
510,Soup - Cream Of Broccoli
511,"Cake Circle, Paprus"
512,"Capon - Breast, Wing On"
513,Cornstarch
514,Steampan Lid
515,"Juice - V8, Tomato"
516,Sauce - Balsamic Viniagrette
517,Cocoa Powder - Dutched
518,"Nut - Pecan, Pieces"
519,"Crab - Dungeness, Whole, live"
520,Bread Base - Italian
521,Beef - Top Sirloin - Aaa
522,"Radish - Black, Winter, Organic"
523,Wine - Malbec Trapiche Reserve
524,"Sauce - White, Mix"
525,Chickensplit Half
526,Port - 74 Brights
527,"Shrimp - 16/20, Peeled Deviened"
528,Pasta - Orecchiette
529,Juice - Prune
530,Lettuce - Boston Bib
531,Mikes Hard Lemonade
532,"Bread - Roll, Soft White Round"
533,Quail Eggs - Canned
534,Tea - Honey Green Tea
535,"Pepper - Julienne, Frozen"
536,Garbag Bags - Black
537,Spice - Peppercorn Melange
538,"Shrimp - 16 - 20 Cooked, Peeled"
539,Eggplant - Baby
540,Sauce - Hoisin
541,Sugar - Invert
542,Sauce - Mint
543,Barley - Pearl
544,"Shrimp - 16/20, Iqf, Shell On"
545,Chef Hat 20cm
546,Southern Comfort
547,V8 Pet
548,Coffee - Decaffeinato Coffee
549,Coriander - Ground
550,Lettuce - Baby Salad Greens
551,Compound - Strawberry
552,Wine - Penfolds Koonuga Hill
553,Salt - Celery
554,Loquat
555,Ham - Cooked Italian
556,Chocolate - Feathers
557,Chicken - Ground
558,Cup - 4oz Translucent
559,Puree - Raspberry
560,"Pasta - Fett Alfredo, Single Serve"
561,Wine - Chenin Blanc K.w.v.
562,Beef - Shank
563,Salt - Sea
564,Icecream - Dstk Cml And Fdg
565,Cheese - Gouda Smoked
566,Sugar - White Packet
567,"Tray - Foam, Square 4 - S"
568,Wine - Jackson Triggs Okonagan
569,Peppercorns - Pink
570,Rabbit - Frozen
571,Wine - Cave Springs Dry Riesling
572,"Yogurt - Strawberry, 175 Gr"
573,Praline Paste
574,Madeira
575,Emulsifier
576,"Pork - Back, Long Cut, Boneless"
577,Bar Energy Chocchip
578,Sage Ground Wiberg
579,Sauce - Demi Glace
580,Relish
581,"Salmon - Smoked, Sliced"
582,Pastry - Mini French Pastries
583,Devonshire Cream
584,Kumquat
585,Pork - Sausage Casing
586,"Doilies - 12, Paper"
587,Cranberries - Dry
588,Cranberries - Dry
589,"Soup - Campbells, Creamy"
590,Beef - Top Butt
591,Pickles - Gherkins
592,Dish Towel
593,Onions - Red
594,"Cheese - Mozzarella, Buffalo"
595,Ecolab Digiclean Mild Fm
596,Star Fruit
597,Chicken Breast Wing On
598,Sloe Gin - Mcguinness
599,Bowl 12 Oz - Showcase 92012
600,Beef - Bresaola
601,Juice - Ocean Spray Kiwi
602,Bread - Corn Muffaleta Onion
603,Remy Red Berry Infusion
604,Kiwi Gold Zespri
605,Appetizer - Crab And Brie
606,Creme De Cacao Mcguines
607,"Pepper - Chillies, Crushed"
608,"Pepper - Chipotle, Canned"
609,Pork - Inside
610,Milk Powder
611,Steamers White
612,Island Oasis - Banana Daiquiri
613,Beef - Eye Of Round
614,Beer - Guiness
615,Soup - Tomato Mush. Florentine
616,Kaffir Lime Leaves
617,Mushroom - Lg - Cello
618,Bread Base - Gold Formel
619,Calypso - Pineapple Passion
620,The Pop Shoppe - Lime Rickey
621,Wine - Hardys Bankside Shiraz
622,Goulash Seasoning
623,Foam Espresso Cup Plain White
624,Sage Ground Wiberg
625,Creme De Menthe Green
626,Dried Cranberries
627,Lid - 16 Oz And 32 Oz
628,Icecream - Dibs
629,Tarts Assorted
630,Pepper - Scotch Bonnet
631,Cheese - Grana Padano
632,Kolrabi
633,"Wine - Magnotta, Merlot Sr Vqa"
634,Broom And Brush Rack Black
635,Oil - Margarine
636,Lettuce - Romaine
637,"Bread - Roll, Whole Wheat"
638,Pork - Kidney
639,Wine - Saint Emilion Calvet
640,Bread - Multigrain
641,Flour - Fast / Rapid
642,Sachet
643,"Wine - Bourgogne 2002, La"
644,Wine - Piper Heidsieck Brut
645,Praline Paste
646,Mustard - Individual Pkg
647,Pail For Lid 1537
648,Veal - Bones
649,Cornflakes
650,Quail - Jumbo Boneless
651,Compound - Rum
652,Lettuce - Boston Bib
653,Sage - Ground
654,Shrimp - Black Tiger 6 - 8
655,Apple - Northern Spy
656,"Loaf Pan - 2 Lb, Foil"
657,V8 - Tropical Blend
658,Celery
659,Calypso - Black Cherry Lemonade
660,Cookies - Fortune
661,"Arctic Char - Fresh, Whole"
662,Beans - Soya Bean
663,Ecolab - Hand Soap Form Antibac
664,"Ham - Smoked, Bone - In"
665,"Juice - Orange, Concentrate"
666,"Fish - Base, Bouillion"
667,"Wine - Red, Cabernet Sauvignon"
668,Cake Sheet Combo Party Pack
669,Lemon Grass
670,Cactus Pads
671,Cheese - Parmesan Grated
672,Beef - Prime Rib Aaa
673,Turkey Leg With Drum And Thigh
674,Cinnamon - Ground
675,Devonshire Cream
676,Fruit Salad Deluxe
677,Cookies - Englishbay Oatmeal
678,Wine - Winzer Krems Gruner
679,Wine - Cotes Du Rhone
680,Coffee - Egg Nog Capuccino
681,"Cheese - Brie,danish"
682,Sponge Cake Mix - Vanilla
683,Quail - Jumbo
684,Lettuce - Frisee
685,Muffin - Zero Transfat
686,Bandage - Flexible Neon
687,"Soup - Campbells, Butternut"
688,Pastry - Cheese Baked Scones
689,Toamtoes 6x7 Select
690,Thyme - Dried
691,Scallop - St. Jaques
692,Pear - Halves
693,Wine - Crozes Hermitage E.
694,Pork - Bacon Cooked Slcd
695,Cheese - Le Cru Du Clocher
696,Spice - Montreal Steak Spice
697,Soap - Hand Soap
698,Wine - Tribal Sauvignon
699,Skirt - 29 Foot
700,Tilapia - Fillets
701,Sesame Seed Black
702,"Rum - Coconut, Malibu"
703,Croissants Thaw And Serve
704,"Dill - Primerba, Paste"
705,Momiji Oroshi Chili Sauce
706,Pickles - Gherkins
707,Triple Sec - Mcguinness
708,Sauce - Demi Glace
709,Table Cloth 54x72 Colour
710,Pastry - Banana Tea Loaf
711,Wine - Dubouef Macon - Villages
712,Pate - Liver
713,Port - 74 Brights
714,Chinese Foods - Cantonese
715,Paper Cocktail Umberlla 80 - 180
716,Ham Black Forest
717,Scallop - St. Jaques
718,Vaccum Bag 10x13
719,Momiji Oroshi Chili Sauce
720,Cocktail Napkin Blue
721,"Split Peas - Yellow, Dry"
722,Sprouts - China Rose
723,"Juice - Pineapple, 48 Oz"
724,"Wine - Cahors Ac 2000, Clos"
725,"Bread - Pullman, Sliced"
726,Bread - Olive Dinner Roll
727,Black Currants
728,Truffle Cups - Red
729,"Crab - Claws, Snow 16 - 24"
730,Cheese - Oka
731,Catfish - Fillets
732,"Pork - Bacon,back Peameal"
733,Tart - Lemon
734,Ecolab - Balanced Fusion
735,Muffin Chocolate Individual Wrap
736,Nacho Chips
737,Potatoes - Parissienne
738,Liners - Baking Cups
739,Cod - Black Whole Fillet
740,Tea - Decaf Lipton
741,Island Oasis - Pina Colada
742,Water - San Pellegrino
743,Guava
744,"Split Peas - Green, Dry"
745,Chivas Regal - 12 Year Old
746,Eggplant Oriental
747,Rice - Aborio
748,Wine - Conde De Valdemar
749,"Marjoram - Dried, Rubbed"
750,Dried Peach
751,Figs
752,"Appetizer - Mini Egg Roll, Shrimp"
753,Tomatoes Tear Drop Yellow
754,Oxtail - Cut
755,"Carrots - Mini, Stem On"
756,"Wine - Cahors Ac 2000, Clos"
757,Grand Marnier
758,Pepperoni Slices
759,Juice - Lagoon Mango
760,Soup - Campbells Pasta Fagioli
761,Sprouts - Corn
762,Cleaner - Bleach
763,Vinegar - Tarragon
764,Cookie Double Choco
765,Gherkin - Sour
766,"Ranchero - Primerba, Paste"
767,Bread - Rosemary Focaccia
768,Wine - Casillero Deldiablo
769,Spring Roll Veg Mini
770,Lamb Rack - Ontario
771,Basil - Thai
772,"Vodka - Hot, Lnferno"
773,Hot Chocolate - Individual
774,"Syrup - Monin, Swiss Choclate"
775,Soupfoamcont12oz 112con
776,Lettuce - Arugula
777,Chocolate Bar - Smarties
778,Rye Special Old
779,Chevere Logs
780,True - Vue Containers
781,Tuna - Bluefin
782,Water - Green Tea Refresher
783,"Bread - Sticks, Thin, Plain"
784,Chicken - Base
785,Dates
786,Dill Weed - Dry
787,Mustard - Seed
788,Bay Leaf Ground
789,Wine - Shiraz Wolf Blass Premium
790,"Wine - White, Ej Gallo"
791,Mackerel Whole Fresh
792,Olive - Spread Tapenade
793,Roe - Flying Fish
794,Salt And Pepper Mix - White
795,Wooden Mop Handle
796,Pastry - French Mini Assorted
797,Muffin - Bran Ind Wrpd
798,Soup - Cream Of Potato / Leek
799,Soup - Campbells - Tomato
800,Potato - Sweet
801,Grapefruit - White
802,Godiva White Chocolate
803,Muffin - Banana Nut Individual
804,Lid Coffee Cup 8oz Blk
805,Halibut - Fletches
806,Crackers - Melba Toast
807,Cheese - La Sauvagine
808,"Bread - Roll, Whole Wheat"
809,"Syrup - Golden, Lyles"
810,Milkettes - 2%
811,Waffle Stix
812,Tilapia - Fillets
813,Broom Handle
814,Lid - 0090 Clear
815,Soup Bowl Clear 8oz92008
816,Marzipan 50/50
817,Lychee - Canned
818,Fond - Chocolate
819,Eggroll
820,Sun - Dried Tomatoes
821,Tomato Paste
822,Trout - Smoked
823,"Chicken - Base, Ultimate"
824,"Iced Tea - Lemon, 460 Ml"
825,Parasol Pick Stir Stick
826,Beef - Short Ribs
827,Wine - Ice Wine
828,Rootbeer
829,Tea - Decaf 1 Cup
830,Cabbage - Nappa
831,Kippers - Smoked
832,Cake - Bande Of Fruit
833,Ecolab Digiclean Mild Fm
834,Pepper - Orange
835,Ice Cream - Strawberry
836,Barramundi
837,Mangostein
838,Wine - Pinot Grigio Collavini
839,"Pasta - Cappellini, Dry"
840,Bag - Regular Kraft 20 Lb
841,Macaroons - Two Bite Choc
842,"Pasta - Cappellini, Dry"
843,"Wine - White, Pelee Island"
844,Russian Prince
845,"Lentils - Green, Dry"
846,Soup - Campbells Beef Stew
847,Fudge - Cream Fudge
848,Wine - Ej Gallo Sonoma
849,"Pasta - Fusili, Dry"
850,Glass Clear 7 Oz Xl
851,Wiberg Super Cure
852,Arrowroot
853,Milk - Skim
854,Cookies - Amaretto
855,"Water, Tap"
856,"Pasta - Fettuccine, Egg, Fresh"
857,Crackers - Soda / Saltins
858,Noodles - Steamed Chow Mein
859,Cheese Cloth
860,Rye Special Old
861,"Wine - Red, Gamay Noir"
862,Ice Cream - Chocolate
863,Dish Towel
864,Rice - Jasmine Sented
865,Sping Loaded Cup Dispenser
866,Container Clear 8 Oz
867,"Beef - Outside, Round"
868,Dikon
869,Pepper - Yellow Bell
870,Stock - Fish
871,"Cheese - Boursin, Garlic / Herbs"
872,Cattail Hearts
873,"Beans - Turtle, Black, Dry"
874,Beef Wellington
875,Pastrami
876,Cake - Mini Potato Pancake
877,Ecolab - Solid Fusion
878,Lamb - Rack
879,Spice - Chili Powder Mexican
880,"Lamb - Whole, Frozen"
881,Curry Paste - Madras
882,"Veal - Leg, Provimi - 50 Lb Max"
883,Cornflakes
884,Vaccum Bag - 14x20
885,Crab Brie In Phyllo
886,"Beans - Navy, Dry"
887,Toothpick Frilled
888,Filling - Mince Meat
889,Buffalo - Striploin
890,Mangostein
891,"Lentils - Green, Dry"
892,Wine - Niagara Peninsula Vqa
893,Energy Drink - Franks Original
894,"Rum - Light, Captain Morgan"
895,Fondant - Icing
896,Amaretto
897,Oil - Pumpkinseed
898,Nantuket Peach Orange
899,Muffin Chocolate Individual Wrap
900,Milk Powder
901,"Shrimp - 21/25, Peel And Deviened"
902,"Turkey - Breast, Double"
903,"Soup - Campbells, Creamy"
904,Squash - Acorn
905,"Vermouth - Sweet, Cinzano"
906,"Wine - White, Lindemans Bin 95"
907,Anchovy In Oil
908,"Coffee - Beans, Whole"
909,"Cheese - Havarti, Salsa"
910,Oil - Grapeseed Oil
911,"Nut - Almond, Blanched, Ground"
912,Thyme - Fresh
913,Veal - Heart
914,"Capon - Breast, Double, Wing On"
915,Chicken - Soup Base
916,Sauce - Thousand Island
917,Salami - Genova
918,Cheese - Victor Et Berthold
919,Tart - Lemon
920,"Lemonade - Natural, 591 Ml"
921,"Chocolate - Semi Sweet, Calets"
922,Pike - Frozen Fillet
923,Mustard Prepared
924,"Chicken - White Meat, No Tender"
925,Tea - Green
926,Dehydrated Kelp Kombo
927,Compound - Pear
928,"Wine - White, Ej Gallo"
929,Foil Cont Round
930,Longos - Grilled Salmon With Bbq
931,Vegetable - Base
932,"Hickory Smoke, Liquid"
933,Lid - 16 Oz And 32 Oz
934,Juice - Apple Cider
935,"Bread - Bagels, Plain"
936,Tuna - Salad Premix
937,Pumpkin
938,Cheese - Pied De Vents
939,Pasta - Agnolotti - Butternut
940,Hinge W Undercut
941,Figs
942,Gatorade - Cool Blue Raspberry
943,Flower - Commercial Bronze
944,Sole - Iqf
945,Container Clear 8 Oz
946,Dasheen
947,Wine - Pinot Noir Latour
948,"Gingerale - Schweppes, 355 Ml"
949,"Bread - Crumbs, Bulk"
950,Carbonated Water - Blackberry
951,Lid Tray - 16in Dome
952,Wine - Shiraz South Eastern
953,Bamboo Shoots - Sliced
954,Pastry - Chocolate Chip Muffin
955,"Potatoes - Yukon Gold, 80 Ct"
956,"Beef - Tenderlion, Center Cut"
957,Milk - 1%
958,Steampan - Lid For Half Size
959,Couscous
960,Mahi Mahi
961,Pork - Bones
962,Bread - Pita
963,Uniform Linen Charge
964,Maple Syrup
965,Corn Syrup
966,Nut - Pumpkin Seeds
967,Mudslide
968,Spice - Paprika
969,"Soup - Knorr, Veg / Beef"
970,Cheese Cloth No 100
971,Dates
972,"Roe - Lump Fish, Black"
973,Black Currants
974,Jameson - Irish Whiskey
975,Parsley Italian - Fresh
976,Chinese Foods - Cantonese
977,Shark - Loin
978,"Wine - Red, Mosaic Zweigelt"
979,Cream - 35%
980,Tofu - Soft
981,Garbag Bags - Black
982,Beans - Butter Lrg Lima
983,"Brownies - Two Bite, Chocolate"
984,Basil - Fresh
985,Cloves - Whole
986,Creme De Cacao White
987,Muffin Orange Individual
988,Sauce - Mint
989,Flower - Commercial Bronze
990,Puree - Blackcurrant
991,Island Oasis - Sweet And Sour Mix
992,"Chicken - Thigh, Bone In"
993,Juice - Orange
994,Cheese - Wine
995,Pork - Caul Fat
996,Tea - Honey Green Tea
997,Parsley - Dried
998,"Wine - Red, Mouton Cadet"
999,"Bread - Rolls, Rye"
1000,Nantucket - 518ml
